num_training_step_calls_per_iteration,num_env_steps_sampled_lifetime,done,training_iteration,trial_id,date,timestamp,time_this_iter_s,time_total_s,pid,hostname,node_ip,time_since_restore,iterations_since_restore,timers/training_iteration,timers/restore_env_runners,timers/training_step,timers/env_runner_sampling_timer,timers/learner_update_timer,timers/synch_weights,env_runners/connector_pipeline_timer,env_runners/env_reset_timer,env_runners/num_env_steps_sampled,env_runners/env_to_module_sum_episodes_length_in,env_runners/num_env_steps_sampled_lifetime,env_runners/num_episodes_lifetime,env_runners/episode_return_mean,env_runners/rlmodule_inference_timer,env_runners/weights_seq_no,env_runners/episode_return_min,env_runners/env_step_timer,env_runners/episode_duration_sec_mean,env_runners/episode_len_min,env_runners/time_between_sampling,env_runners/episode_return_max,env_runners/episode_len_max,env_runners/num_episodes,env_runners/episode_len_mean,env_runners/sample,env_runners/env_to_module_sum_episodes_length_out,fault_tolerance/num_healthy_workers,fault_tolerance/num_remote_worker_restarts,env_runner_group/actor_manager_num_outstanding_async_reqs,perf/cpu_util_percent,perf/ram_util_percent,env_runners/module_to_env_connector/connector_pipeline_timer,env_runners/agent_episode_returns_mean/agent_2,env_runners/agent_episode_returns_mean/agent_1,env_runners/num_agent_steps_sampled_lifetime/agent_1,env_runners/num_agent_steps_sampled_lifetime/agent_2,env_runners/env_to_module_connector/connector_pipeline_timer,env_runners/num_agent_steps_sampled/agent_1,env_runners/num_agent_steps_sampled/agent_2,env_runners/num_module_steps_sampled/agent_1,env_runners/num_module_steps_sampled/agent_2,env_runners/num_module_steps_sampled_lifetime/agent_2,env_runners/num_module_steps_sampled_lifetime/agent_1,env_runners/agent_steps/agent_1,env_runners/agent_steps/agent_2,env_runners/module_episode_returns_mean/agent_1,env_runners/module_episode_returns_mean/agent_2,env_runners/num_env_steps_sampled_lifetime_throughput/throughput_since_last_reduce,env_runners/num_env_steps_sampled_lifetime_throughput/throughput_since_last_restore,learners/agent_1/num_module_steps_trained,learners/agent_1/total_loss,learners/agent_1/default_optimizer_learning_rate,learners/agent_1/num_module_steps_trained_lifetime,learners/agent_1/vf_loss_unclipped,learners/agent_1/policy_loss,learners/agent_1/curr_entropy_coeff,learners/agent_1/weights_seq_no,learners/agent_1/vf_explained_var,learners/agent_1/entropy,learners/agent_1/diff_num_grad_updates_vs_sampler_policy,learners/agent_1/vf_loss,learners/agent_1/curr_kl_coeff,learners/agent_1/num_trainable_parameters,learners/agent_1/module_train_batch_size_mean,learners/agent_1/mean_kl_loss,learners/agent_2/module_train_batch_size_mean,learners/agent_2/mean_kl_loss,learners/agent_2/num_module_steps_trained,learners/agent_2/total_loss,learners/agent_2/default_optimizer_learning_rate,learners/agent_2/vf_loss_unclipped,learners/agent_2/num_module_steps_trained_lifetime,learners/agent_2/policy_loss,learners/agent_2/curr_entropy_coeff,learners/agent_2/weights_seq_no,learners/agent_2/entropy,learners/agent_2/vf_explained_var,learners/agent_2/diff_num_grad_updates_vs_sampler_policy,learners/agent_2/vf_loss,learners/agent_2/curr_kl_coeff,learners/agent_2/num_trainable_parameters,learners/__all_modules__/learner_connector_sum_episodes_length_out,learners/__all_modules__/num_non_trainable_parameters,learners/__all_modules__/learner_connector_sum_episodes_length_in,learners/__all_modules__/num_module_steps_trained,learners/__all_modules__/num_module_steps_trained_lifetime,learners/__all_modules__/num_env_steps_trained_lifetime,learners/__all_modules__/num_trainable_parameters,learners/__all_modules__/num_env_steps_trained,learners/__all_modules__/num_env_steps_trained_throughput,learners/__all_modules__/num_module_steps_trained_throughput,env_runners/timers/connectors/agent_to_module_mapping,env_runners/timers/connectors/add_observations_from_episodes_to_batch,env_runners/timers/connectors/batch_individual_items,env_runners/timers/connectors/add_states_from_episodes_to_batch,env_runners/timers/connectors/add_time_dim_to_batch_and_zero_pad,env_runners/timers/connectors/numpy_to_tensor,learners/agent_1/num_module_steps_trained_lifetime_throughput/throughput_since_last_reduce,learners/agent_1/num_module_steps_trained_lifetime_throughput/throughput_since_last_restore,learners/agent_2/num_module_steps_trained_lifetime_throughput/throughput_since_last_reduce,learners/agent_2/num_module_steps_trained_lifetime_throughput/throughput_since_last_restore,learners/__all_modules__/learner_connector/connector_pipeline_timer,learners/__all_modules__/num_env_steps_trained_lifetime_throughput/throughput_since_last_reduce,learners/__all_modules__/num_env_steps_trained_lifetime_throughput/throughput_since_last_restore,learners/__all_modules__/num_module_steps_trained_lifetime_throughput/throughput_since_last_reduce,learners/__all_modules__/num_module_steps_trained_lifetime_throughput/throughput_since_last_restore,env_runners/module_to_env_connector/timers/connectors/listify_data_for_vector_env,env_runners/module_to_env_connector/timers/connectors/un_batch_to_individual_items,env_runners/module_to_env_connector/timers/connectors/normalize_and_clip_actions,env_runners/module_to_env_connector/timers/connectors/tensor_to_numpy,env_runners/module_to_env_connector/timers/connectors/get_actions,env_runners/module_to_env_connector/timers/connectors/remove_single_ts_time_rank_from_batch,env_runners/module_to_env_connector/timers/connectors/module_to_agent_unmapping,env_runners/env_to_module_connector/timers/connectors/batch_individual_items,env_runners/env_to_module_connector/timers/connectors/add_states_from_episodes_to_batch,env_runners/env_to_module_connector/timers/connectors/add_time_dim_to_batch_and_zero_pad,env_runners/env_to_module_connector/timers/connectors/numpy_to_tensor,env_runners/env_to_module_connector/timers/connectors/agent_to_module_mapping,env_runners/env_to_module_connector/timers/connectors/add_observations_from_episodes_to_batch,learners/__all_modules__/learner_connector/timers/connectors/batch_individual_items,learners/__all_modules__/learner_connector/timers/connectors/general_advantage_estimation,learners/__all_modules__/learner_connector/timers/connectors/add_columns_from_episodes_to_train_batch,learners/__all_modules__/learner_connector/timers/connectors/add_states_from_episodes_to_batch,learners/__all_modules__/learner_connector/timers/connectors/add_time_dim_to_batch_and_zero_pad,learners/__all_modules__/learner_connector/timers/connectors/numpy_to_tensor,learners/__all_modules__/learner_connector/timers/connectors/agent_to_module_mapping,learners/__all_modules__/learner_connector/timers/connectors/add_one_ts_to_episodes_and_truncate,learners/__all_modules__/learner_connector/timers/connectors/add_observations_from_episodes_to_batch
1,17518.0,False,1,c0f04_00000,2026-02-02_18-23-54,1770053034,67.47499418258667,67.47499418258667,31972,PW-DSEE-NA-131,127.0.0.1,67.47499418258667,1,67.47087079999619,1.7799997294787318e-05,67.47067799999786,53.61821910000435,13.848387499994715,0.0025344000023324043,0.0005040000032749958,0.6840444999979809,17518,8572.409999999994,17518.0,2.0,-751416963.0259573,0.00028371012984056685,0.0,-753504794.3476286,0.001143565281992495,25.84625099999903,8759,0.016951300000073388,-749329131.7042861,8759,2,8759.0,26.791817449997325,8572.409999999994,1,0,1,14.869791666666666,66.80208333333331,0.0006131631512321668,-545374738.908292,-206042224.1176653,17518.0,17518.0,0.00023657156985666753,17518,17518,17518,17518,17518.0,17518.0,8759.0,8759.0,-206042224.1176653,-545374738.908292,218.5723165711417,218.57231220774077,87600,4.774382591247559,0.0003,87600.0,344505679872.0,-0.17267809808254242,0.01,1.0,0.0,5.523708820343018,1.0,10.0,0.20000000298023224,146185.0,73.0,0.011486111208796501,73.0,0.016411911696195602,87600,5.081130027770996,0.0003,2534509117440.0,87600.0,0.12064167112112045,0.01,1.0,4.2793731689453125,0.0,1.0,10.0,0.20000000298023224,142599.0,17518.0,0.0,17518.0,175200,175200.0,21021600.0,288784.0,21021600,262286.5085907968,2185.9697057936255,1.0100000508828089e-05,5.015000351704657e-05,5.714999861083925e-05,7.799997547408566e-06,3.239999932702631e-05,0.00012689999857684597,1092.9843755961895,1092.9843715050115,1092.9839146604818,1092.9839105693075,1.4848429000048782,262286.4365947416,262286.43397670786,2185.969558512294,2185.9695448750244,1.4561442183429675e-05,3.871327815656447e-05,8.920327546715728e-05,9.019835240335994e-05,0.00026727196214487394,1.7991216341057645e-06,5.987616947311832e-06,3.351225198800297e-05,5.6733503657637146e-06,1.097259826494226e-05,6.601537540560763e-05,6.898989598136713e-06,2.9509741656278416e-05,0.7367857999997796,0.15672469999844907,0.5479597999947146,7.90000194683671e-06,3.220000508008525e-05,0.0005720999979530461,0.019884000001184177,0.022073300002375618,9.789999603526667e-05
1,35036.0,False,2,c0f04_00000,2026-02-02_18-25-02,1770053102,67.65451169013977,135.12950587272644,31972,PW-DSEE-NA-131,127.0.0.1,135.12950587272644,2,67.64910040000541,1.309999788645655e-05,67.64885830000276,48.22640659999888,19.4147912000044,0.003702599999087397,0.0003534499992383644,0.5764379000029294,17518,8572.409999999994,35036.0,4.0,-721736441.2570008,0.0002755796785265281,1.0,-724605052.9610687,0.0010976779585774325,23.216353849998995,8759,6.954697549997945,-718867829.5529329,8759,2,8759.0,24.099538750000647,8572.409999999994,1,0,1,19.202105263157897,67.60210526315788,0.0005980938646993567,-523810099.9183203,-197926341.3386805,35036.0,35036.0,0.00022282245836464874,17518,17518,17518,17518,35036.0,35036.0,8759.0,8759.0,-197926341.3386805,-523810099.9183203,258.84958914713354,237.01036345199628,87600,4.781367778778076,0.0003,175200.0,312724094976.0,-0.16670753061771393,0.01,2.0,-1.1920928955078125e-07,5.515340805053711,1.0,10.0,0.20000000298023224,nan,73.0,0.016146669164299965,73.0,0.01566612906754017,87600,5.002495288848877,0.0003,2298646364160.0,175200.0,0.04107716307044029,0.01,2.0,4.1715168952941895,0.0,1.0,10.0,0.20000000298023224,nan,17518.0,nan,17518.0,175200,350400.0,42043200.0,nan,21021600,310621.2690023384,2588.8051789342294,9.300001693191007e-06,4.175000140094198e-05,4.5849999878555536e-05,5.750000127591193e-06,2.1650001144735143e-05,0.0001316499983659014,1294.4039876130605,1185.1854337273605,1294.4060513660386,1185.1848877364248,1.3126582999975653,310621.17536985397,284412.15293226804,2588.804884386733,2370.371609874604,1.3905574059611868e-05,3.756863565690724e-05,8.606431061550151e-05,8.837646818525866e-05,0.0002610659210107631,1.827141645115178e-06,5.766017393683923e-06,3.120508586473349e-05,5.260813490166561e-06,1.0774629821272222e-05,6.32855487462625e-05,6.382450347995214e-06,2.7391259883924265e-05,0.6164341000039713,0.11811759999545757,0.525653800003056,5.699999746866524e-06,2.2899999748915434e-05,0.00981109999702312,0.020189000002574176,0.021853500002180226,8.929999603424221e-05
1,52554.0,False,3,c0f04_00000,2026-02-02_18-26-15,1770053175,73.30218076705933,208.43168663978577,31972,PW-DSEE-NA-131,127.0.0.1,208.43168663978577,3,73.29780849999952,1.219999830937013e-05,73.29757880000398,53.611995600003866,19.68109070000355,0.002284399997733999,0.000247650001256261,0.6114336999962688,17518,8572.409999999994,52554.0,6.0,-689074745.1019125,0.0003310733114927656,2.0,-693990536.7359138,0.001287835391688824,25.830202500001178,8759,9.745557350001036,-684158953.4679112,8759,2,8759.0,26.786020650000864,8572.409999999994,1,0,1,16.46826923076923,66.31153846153846,0.0007263681119579249,-497899952.10179365,-191174793.00011882,52554.0,52554.0,0.0002654342095615807,17518,17518,17518,17518,52554.0,52554.0,8759.0,8759.0,-191174793.00011882,-497899952.10179365,238.89055451798225,237.63193609029926,87600,4.997455596923828,0.0003,262800.0,307697188864.0,0.047385554760694504,0.01,3.0,0.0,5.398998260498047,1.0,10.0,0.30000001192092896,nan,73.0,0.020299457013607025,73.0,0.0126055171713233,87600,4.953845024108887,0.0003,2064020013056.0,262800.0,-0.007719830144196749,0.01,3.0,4.0956711769104,0.0,1.0,10.0,0.20000000298023224,nan,17518.0,nan,17518.0,175200,525600.0,63064800.0,nan,21021600,286670.4808939442,2389.192797303788,6.450001819757745e-06,2.750000567175448e-05,3.0949995561968535e-05,4.099998477613553e-06,1.6649999452056363e-05,9.775000216905028e-05,1194.598260675545,1188.2946299539715,1194.601305414414,1188.2944580156143,2.0272431999983382,286670.4097445069,285158.1986241735,2389.1927125925004,2376.589541457143,1.691958379781002e-05,4.515880162216825e-05,0.00010202360855728731,0.00010887840527448007,0.00032123106425760624,2.081793489458069e-06,6.69548612201498e-06,3.722216790407739e-05,6.401936257196547e-06,1.2366507322803724e-05,7.566363645548349e-05,8.023048520562847e-06,3.2062566538695655e-05,1.042063799999596,0.1897813999967184,0.7259532999960356,7.90000194683671e-06,2.9800001357216388e-05,0.011575000004086178,0.02778500000567874,0.029235800000606105,0.000134599999000784
1,70072.0,False,4,c0f04_00000,2026-02-02_18-27-09,1770053229,54.107199907302856,262.5388865470886,31972,PW-DSEE-NA-131,127.0.0.1,262.5388865470886,4,54.10229629999958,9.800001862458885e-06,54.10211929999787,40.119600099998934,13.97825460000604,0.0023520999966422096,0.00032854999881237745,0.4920985499993549,17518,8572.409999999994,70072.0,8.0,-667327292.4707415,0.00022525042860246507,3.0,-668351662.0339134,0.0009681445018538545,19.27871894999771,8759,9.87416949999897,-666302922.9075695,8759,2,8759.0,20.046179299999494,8572.409999999994,1,0,1,12.43157894736842,65.93552631578947,0.0004917249317734988,-487787796.5997504,-179539495.8709911,70072.0,70072.0,0.0001889708770687976,17518,17518,17518,17518,70072.0,70072.0,8759.0,8759.0,-179539495.8709911,-487787796.5997504,323.62922894017794,254.54078296690912,87600,4.903758525848389,0.0003,350400.0,265819897856.0,-0.04644086956977844,0.01,4.0,0.0,5.334030628204346,1.0,10.0,0.30000001192092896,nan,73.0,0.011798275634646416,73.0,0.006918727420270443,87600,5.059286117553711,0.0003,2060380930048.0,350400.0,0.0986115038394928,0.01,4.0,4.070975303649902,0.0,1.0,10.0,0.20000000298023224,nan,17518.0,nan,17518.0,175200,700800.0,84086400.0,nan,21021600,388357.1065598365,3236.6779697237967,9.049996151588857e-06,3.710000237333588e-05,4.440000338945538e-05,5.849997251061723e-06,1.9849998352583498e-05,0.00011910000102943741,1618.3486358326697,1272.8486032292974,1618.3580686614775,1272.8484524967764,1.311906099996122,388357.014725158,305448.83359717927,3236.6779039492303,2545.6974774072683,1.2352496948650714e-05,3.242604584392636e-05,7.393620270942334e-05,7.109482358941102e-05,0.00021271569358163466,1.4904008684456608e-06,4.89577824885512e-06,2.6208930369664587e-05,4.4991350786660875e-06,9.087619698424052e-06,5.446576455588074e-05,5.787552804716375e-06,2.517094224106049e-05,0.6509012999958941,0.10829950000334065,0.5003692000027513,6.599999323952943e-06,2.3100001271814108e-05,0.00026900000375462696,0.029172000002290588,0.022334099994623102,7.88000033935532e-05
1,87590.0,False,5,c0f04_00000,2026-02-02_18-28-12,1770053292,62.36770224571228,324.9065887928009,31972,PW-DSEE-NA-131,127.0.0.1,324.9065887928009,5,62.36323479999555,9.499999578110874e-06,62.363066199999594,44.944306999997934,17.41426909999427,0.002476300003763754,0.00025765000100363977,0.497612900002423,17518,8572.409999999994,87590.0,10.0,-647358265.8415039,0.00028425816445742003,4.0,-648923257.6623483,0.0011295747880868752,21.616991350001626,8759,7.016353250000975,-645793274.0206594,8759,2,8759.0,22.455372649998026,8572.409999999994,1,0,1,13.486363636363638,65.72613636363636,0.0006188340095795108,-477248215.44077814,-170110050.4007257,87590.0,87590.0,0.00023083108739351048,17518,17518,17518,17518,87590.0,87590.0,8759.0,8759.0,-170110050.4007257,-477248215.44077814,280.80903644955487,259.39306341541175,87600,4.760683059692383,0.0003,438000.0,231672922112.0,-0.19376853108406067,0.01,5.0,1.1920928955078125e-07,5.118874549865723,1.0,10.0,0.30000001192092896,nan,73.0,0.018800433725118637,73.0,0.01008649542927742,87600,4.789877891540527,0.0003,1815573692416.0,438000.0,-0.17236928641796112,0.01,5.0,3.977064609527588,0.0,1.0,10.0,0.20000000298023224,nan,17518.0,nan,17518.0,175200,876000.0,105108000.0,nan,21021600,336973.51645056444,2808.432860832855,6.60000296193175e-06,2.800000220304355e-05,3.470000228844583e-05,4.749999789055437e-06,1.6000001778593287e-05,0.00010075000318465754,1404.2225755107047,1297.1129188188536,1404.229402705764,1297.1127974328795,1.9459309000012581,336973.46729565103,311271.5941492251,2808.432811312445,2594.226035082006,1.4611806508153376e-05,3.902615024042794e-05,9.022684803222051e-05,9.065655696401498e-05,0.0002683223055374558,2.6429281985943467e-06,5.749270138490396e-06,3.261965035036075e-05,5.449751964067412e-06,1.1055668612853405e-05,6.40477176194749e-05,6.66828897717572e-06,2.878935646140591e-05,0.9223093000036897,0.19097250000049826,0.7604707999998936,8.700000762473792e-06,3.100000321865082e-05,0.00035740000021178275,0.045775099999445956,0.025347399998281617,9.329999738838524e-05
1,105108.0,False,6,c0f04_00000,2026-02-02_18-29-12,1770053352,60.17721223831177,385.08380103111267,31972,PW-DSEE-NA-131,127.0.0.1,385.08380103111267,6,60.171853799998644,1.3500000932253897e-05,60.17161180000403,42.096822300001804,18.0698063000018,0.002941799997643102,0.0003281999997852836,0.45819215000301483,17518,8572.409999999994,105108.0,12.0,-626560132.8907144,0.00024773891501201256,5.0,-626913882.3106809,0.0010598266945733036,20.285502600003383,8759,8.742837149999104,-626206383.470748,8759,2,8759.0,21.032659649998095,8572.409999999994,1,0,1,12.716470588235294,65.73411764705882,0.000542423422589072,-466972050.9105717,-159588081.98014277,105108.0,105108.0,0.00020705610700194323,17518,17518,17518,17518,105108.0,105108.0,8759.0,8759.0,-159588081.98014277,-466972050.9105717,290.98356366268376,264.1724264918715,87600,4.980905055999756,0.0003,525600.0,211954827264.0,0.028894901275634766,0.01,6.0,-1.1920928955078125e-07,5.062464237213135,1.0,10.0,0.30000001192092896,nan,73.0,0.008783536031842232,73.0,0.009146309457719326,87600,4.848308563232422,0.0003,1780501053440.0,525600.0,-0.11407212167978287,0.01,6.0,3.944831371307373,0.0,1.0,10.0,0.20000000298023224,nan,17518.0,nan,17518.0,175200,1051200.0,126129600.0,nan,21021600,349181.48397509416,2910.1765196968117,6.549998943228275e-06,2.7949998184340075e-05,3.110000034212135e-05,4.099998477613553e-06,1.6099998902063817e-05,0.00017365000167046674,1455.0900242521516,1321.012279283653,1455.0934539751902,1321.0121189201752,1.7792679999984102,349181.3383922436,317006.7976164342,2910.1762489941843,2642.0248255077945,1.3259123865697528e-05,3.487895897495466e-05,7.984953961848899e-05,7.816112452962759e-05,0.00023562651614978894,1.6582502633312e-06,5.473985654488283e-06,2.8487182125790266e-05,4.869744283578438e-06,1.015985202359521e-05,6.074570996980822e-05,6.713408898776473e-06,2.5714403101454503e-05,0.9132561000005808,0.17092480000428623,0.6423416999969049,9.499999578110874e-06,3.6299999919719994e-05,0.00040810000064084306,0.029566999997769017,0.022079899994423613,6.510000093840063e-05
1,122626.0,False,7,c0f04_00000,2026-02-02_18-30-16,1770053416,63.60948705673218,448.69328808784485,31972,PW-DSEE-NA-131,127.0.0.1,448.69328808784485,7,63.603322599999956,1.0399999155197293e-05,63.603113800003484,46.94144429999869,16.654936300001282,0.003399699999135919,0.00032515000202693045,0.5782723500014981,17518,8572.409999999994,122626.0,14.0,-603653458.0092473,0.00027481098343651127,6.0,-607715582.1801322,0.0011596713035258977,22.576317899998685,8759,9.070648000000801,-599591333.8383625,8759,2,8759.0,23.453335499998502,8572.409999999994,1,0,1,11.8,65.64888888888889,0.0006033199506979799,-451624499.36715984,-152028958.64208752,122626.0,122626.0,0.0002281443350354408,17518,17518,17518,17518,122626.0,122626.0,8759.0,8759.0,-152028958.64208752,-451624499.36715984,275.28523265779285,265.7039457472738,87600,4.769715309143066,0.0003,613200.0,188899606528.0,-0.1842603236436844,0.01,7.0,0.0,4.966922760009766,1.0,10.0,0.30000001192092896,nan,73.0,0.01214917004108429,73.0,0.007292550057172775,87600,5.072123050689697,0.0003,1854092476416.0,613200.0,0.11047739535570145,0.01,7.0,3.9812748432159424,-1.1920928955078125e-07,1.0,10.0,0.20000000298023224,nan,17518.0,nan,17518.0,175200,1226400.0,147151200.0,nan,21021600,330344.3868047223,2753.183263253749,8.899998647393659e-06,3.534999996190891e-05,4.274999810149893e-05,4.949997673975304e-06,2.184999902965501e-05,0.00013285000022733584,1376.594733730317,1328.6708079011469,1376.6008536113573,1328.6706556052216,1.41053830000601,330344.2892101283,318844.6332010815,2753.182990684446,2657.34186799747,1.4536540181634442e-05,3.830817805979411e-05,8.945724458506407e-05,8.697920573053465e-05,0.00026352638821979364,1.7847909108508235e-06,6.005201433307946e-06,3.202962067996532e-05,5.772093209631408e-06,1.1350703514640528e-05,6.460956298779204e-05,6.6870210113254036e-06,2.8359448433404268e-05,0.6451545000018086,0.11784590000024764,0.6051128999970388,7.599999662488699e-06,2.6599998818710446e-05,0.00030989999504527077,0.021471699998073746,0.020129299999098293,7.000000186963007e-05
1,140144.0,False,8,c0f04_00000,2026-02-02_18-31-18,1770053478,62.482226610183716,511.17551469802856,31972,PW-DSEE-NA-131,127.0.0.1,511.17551469802856,8,62.4773464999962,9.2999980552122e-06,62.47717790000024,46.8197444000034,15.652622599998722,0.00272689999837894,0.0003689500008476898,0.5487946499997634,17518,8572.409999999994,140144.0,16.0,-585017764.0455055,0.00026868471562324517,7.0,-586606174.3047073,0.0011055625484039603,22.549884049996763,8759,8.361764049997873,-583429353.7863038,8759,2,8759.0,23.395482700001594,8572.409999999994,1,0,1,12.429545454545455,65.33409090909093,0.0006050170579030541,-442979488.4443917,-142038275.60111383,140144.0,140144.0,0.000222322341498039,17518,17518,17518,17518,140144.0,140144.0,8759.0,8759.0,-142038275.60111383,-442979488.4443917,280.2668571167171,267.4401715383799,87600,4.758485794067383,0.0003,700800.0,161348222976.0,-0.19685591757297516,0.01,8.0,3.5762786865234375e-07,4.809182167053223,1.0,10.0,0.30000001192092896,nan,73.0,0.011443817056715488,73.0,0.013189041055738926,87600,4.8678812980651855,0.0003,1634717007872.0,700800.0,-0.09693615883588791,0.01,8.0,3.7820444107055664,0.0,1.0,10.0,0.20000000298023224,nan,17518.0,nan,17518.0,175200,1401600.0,168172800.0,nan,21021600,336323.79437949765,2803.017871110497,7.899998308857903e-06,3.644999742391519e-05,3.870000000461005e-05,4.549998266156763e-06,2.3200002033263445e-05,0.0001811499969335273,1401.5139470436432,1337.353210986589,1401.5222704535681,1337.3531318714186,1.5187960000039311,336323.7373427253,320928.1512781031,2803.017853172538,2674.7065536616865,1.417802024511348e-05,3.846412151551777e-05,8.752913401842996e-05,8.840565428841302e-05,0.00026278397577165146,1.7999533254004532e-06,6.0640444266388745e-06,3.102965213495815e-05,5.4119205769944505e-06,1.0446735869939437e-05,6.289542373718782e-05,6.484079370130252e-06,2.649134509126653e-05,0.7469999999957508,0.19383809999999357,0.5375477999987197,8.000002708286047e-06,3.279999509686604e-05,0.0004592000041157007,0.021462400000018533,0.01787999999942258,6.469999789260328e-05
1,157662.0,False,9,c0f04_00000,2026-02-02_18-32-13,1770053533,55.20264935493469,566.3781640529633,31972,PW-DSEE-NA-131,127.0.0.1,566.3781640529633,9,55.19809830000304,9.199997293762863e-06,55.19793550000031,39.90756030000193,15.285804300001473,0.0027533000029507093,0.0005372500017983839,0.4594190999996499,17518,8572.409999999994,157662.0,18.0,-567192168.3165131,0.00023416600809739172,8.0,-570369340.9341266,0.0009727118338790251,19.20025745000021,8759,7.853090749998955,-564014995.6988995,8759,2,8759.0,19.93985685000007,8572.409999999994,1,0,1,13.380769230769232,64.77948717948718,0.0004949384219341561,-431972523.69290066,-135219644.62361243,157662.0,157662.0,0.00019255036452499598,17518,17518,17518,17518,157662.0,157662.0,8759.0,8759.0,-135219644.62361243,-431972523.69290066,317.2364605097747,272.1869681719392,87600,4.821361064910889,0.0003,788400.0,148892008448.0,-0.13901495933532715,0.01,9.0,-2.384185791015625e-07,4.6778035163879395,1.0,10.0,0.45000001788139343,nan,73.0,0.023846514523029327,73.0,0.004151980858296156,87600,4.997487545013428,0.0003,1625248366592.0,788400.0,0.035388506948947906,0.01,9.0,3.8730647563934326,0.0,1.0,10.0,0.10000000149011612,nan,17518.0,nan,17518.0,175200,1576800.0,189194400.0,nan,21021600,380686.12618503446,3172.7458063896106,8.400002116104588e-06,0.00018740000086836517,6.625000241911039e-05,5.249999958323315e-06,1.965000046766363e-05,0.0001061000039044302,1586.3758995382643,1361.0899189731035,1586.3809672051752,1361.0898447200898,1.2840219999998226,380686.03725303384,326624.3101546685,3172.7457029686084,2722.1799643643285,1.2238612586849587e-05,3.178179839537706e-05,7.363628977991482e-05,7.057210064441056e-05,0.00021699695653618428,1.5580957476718997e-06,4.7503918233222875e-06,2.6958471826833512e-05,4.63189723970024e-06,9.428081132873017e-06,5.512016654443035e-05,5.706967463090251e-06,2.4483387755818064e-05,0.6046933999969042,0.1413892999989912,0.4903277000048547,7.800001185387373e-06,3.6100005672778934e-05,0.00029680000443477184,0.01902669999981299,0.02762879999500001,0.00012840000272262841
1,175180.0,False,10,c0f04_00000,2026-02-02_18-33-09,1770053589,55.227731704711914,621.6058957576752,31972,PW-DSEE-NA-131,127.0.0.1,621.6058957576752,10,55.22261010000511,9.700001101009548e-06,55.22244050000154,40.33407499999885,14.883208599996578,0.003089099998760503,0.0002594500001578126,0.4556476500038116,17518,8572.409999999994,175180.0,20.0,-557769700.2203052,0.0002356798165150896,9.0,-559057099.7808056,0.0010082371915125323,19.416007799998624,8759,7.672206349998305,-556482300.6598049,8759,2,8759.0,20.15254565000214,8572.409999999994,1,0,1,11.892405063291138,64.57088607594937,0.0005295038180696507,-434884600.5804904,-122885099.63981488,175180.0,175180.0,0.00020243628244944964,17518,17518,17518,17518,175180.0,175180.0,8759.0,8759.0,-122885099.63981488,-434884600.5804904,317.0922609980939,276.0964867315593,87600,4.950553894042969,0.0003,876000.0,125368320000.0,-0.007680104114115238,0.01,10.0,1.1920928955078125e-07,4.587082862854004,1.0,10.0,0.45000001788139343,nan,73.0,0.009121718816459179,73.0,0.005199328064918518,87600,4.957793712615967,0.0003,1632380387328.0,876000.0,-0.004378593992441893,0.01,10.0,3.8347151279449463,-1.1920928955078125e-07,1.0,10.0,0.10000000149011612,nan,17518.0,nan,17518.0,175200,1752000.0,210216000.0,nan,21021600,380512.32834713144,3171.297263275957,9.399998816661537e-06,2.8899998142151162e-05,3.220000144210644e-05,4.0000013541430235e-06,1.519999568699859e-05,9.805000445339829e-05,1585.6509450098888,1380.6397722337374,1585.6552072577845,1380.6397056484832,1.228589499994996,380512.2305423424,331315.73650747025,3171.297119766901,2761.279654572527,1.2851366752829308e-05,3.346889299839242e-05,7.833524804579078e-05,7.787230489832991e-05,0.00023116187338367877,1.6092409923164056e-06,5.119693504557931e-06,2.7940751765282746e-05,5.025594233034527e-06,1.0080269202270527e-05,5.858584797791957e-05,5.955758831453909e-06,2.5507424399114936e-05,0.5876469000068028,0.11759620000520954,0.4787731999967946,5.500005499925464e-06,2.2000000171829015e-05,0.0002792000013869256,0.020182200001727324,0.023589399999764282,7.170000026235357e-05
1,192698.0,False,11,c0f04_00000,2026-02-02_18-34-06,1770053646,57.044028520584106,678.6499242782593,31972,PW-DSEE-NA-131,127.0.0.1,678.6499242782593,11,57.03991479999968,1.2700002116616815e-05,57.03965349999635,41.18776990000333,15.845914600002288,0.0022518999976455234,0.00027380000392440706,0.472049549996882,17518,8572.409999999994,192698.0,22.0,-543150663.2138983,0.0002590476003669857,10.0,-547106544.0397804,0.0010650710181098265,19.7959594999993,8759,7.472938749997411,-539194782.3880162,8759,2,8759.0,20.575034549998236,8572.409999999994,1,0,1,13.20625,64.8875,0.0005631397225042273,-425347126.22941005,-117803536.98448826,192698.0,192698.0,0.00021470455932493448,17518,17518,17518,17518,192698.0,192698.0,8759.0,8759.0,-117803536.98448826,-425347126.22941005,307.0082600609505,278.6466943676647,87600,4.855261325836182,0.0003,963600.0,113441054720.0,-0.10881046205759048,0.01,11.0,0.0,4.406298637390137,1.0,10.0,0.45000001788139343,nan,73.0,0.01807854324579239,73.0,0.008503478020429611,87600,5.042250633239746,0.0003,1647530737664.0,963600.0,0.07957689464092255,0.01,11.0,3.8176448345184326,0.0,1.0,10.0,0.10000000149011612,nan,17518.0,nan,17518.0,175200,1927200.0,231237600.0,nan,21021600,368412.047894157,3070.449384364987,7.2500006353948265e-06,3.144999936921522e-05,3.345000368426554e-05,4.699999408330768e-06,1.5600002370774746e-05,0.00011240000094403513,1535.226804260956,1393.3920585945336,1535.2304069149875,1393.3919925063637,1.4141772000002675,368411.8787320746,334375.9388586872,3070.449190646061,2786.784244126712,1.3362016157974981e-05,3.670868191965605e-05,8.295133440487106e-05,8.352629561324807e-05,0.0002431785733171759,1.91680323777263e-06,5.342717225317773e-06,3.026666181533734e-05,5.484128205528185e-06,1.0057297735251394e-05,6.051895025679114e-05,6.720836059855429e-06,2.6224338848500276e-05,0.7053755000015371,0.10340739999810467,0.5509056000009878,5.699999746866524e-06,1.979999797185883e-05,0.0003467999995336868,0.03296450000198092,0.020694600003480446,7.270000060088933e-05
1,210216.0,False,12,c0f04_00000,2026-02-02_18-35-05,1770053705,59.59169626235962,738.2416205406189,31972,PW-DSEE-NA-131,127.0.0.1,738.2416205406189,12,59.585957100003725,1.0299998393747956e-05,59.5857496000026,43.470451199995296,16.109207100002095,0.0029506999999284744,0.00031939999826136045,0.516937649997999,17518,8572.409999999994,210216.0,24.0,-529171961.3027016,0.00029647214633992053,11.0,-531669228.75266784,0.0011824481522853298,20.887751899997966,8759,7.9530908499982615,-526674693.8527353,8759,2,8759.0,21.719751100001304,8572.409999999994,1,0,1,11.889285714285714,64.02261904761903,0.0006368915378928864,-419686174.7662663,-109485786.53643528,210216.0,210216.0,0.00023463755853513082,17518,17518,17518,17518,210216.0,210216.0,8759.0,8759.0,-109485786.53643528,-419686174.7662663,293.8951764453512,279.85632739868265,87600,5.025933265686035,0.0003,1051200.0,101957984256.0,0.06424225866794586,0.01,12.0,-1.1920928955078125e-07,4.359222412109375,1.0,10.0,0.45000001788139343,nan,73.0,0.011741125024855137,73.0,0.0059371027164161205,87600,4.997154235839844,0.0003,1580321996800.0,1051200.0,0.03480524569749832,0.01,12.0,3.824434995651245,0.0,1.0,10.0,0.10000000149011612,nan,17518.0,nan,17518.0,175200,2102400.0,252259200.0,nan,21021600,352675.2134393645,2939.294282086375,8.499999239575118e-06,3.5000000934815034e-05,4.2400002712383866e-05,5.599998985417187e-06,2.024999776040204e-05,0.00011589999849093147,1469.6486228682866,1399.4409695280658,1469.651534749751,1399.4408648248336,1.5444744999986142,352675.07321216696,335827.5199148962,2939.2938727974906,2798.8821119468935,1.544125699422133e-05,3.880446266124913e-05,9.342612339381253e-05,9.283608289003608e-05,0.0002818430895711557,1.8827200583150066e-06,5.9279909495225625e-06,3.285572238212439e-05,5.520789833326189e-06,1.1387306720603327e-05,6.887870274151579e-05,7.122737928164772e-06,2.9402436746422675e-05,0.7712425999998231,0.1363368000020273,0.5868707999979961,8.800001523923129e-06,4.2299994674976915e-05,0.00036619999445974827,0.025338000006740913,0.02366230000188807,9.31999966269359e-05
1,227734.0,False,13,c0f04_00000,2026-02-02_18-36-09,1770053769,63.93701171875,802.1786322593689,31972,PW-DSEE-NA-131,127.0.0.1,802.1786322593689,13,63.931556100003945,9.999996109399945e-06,63.93138320000435,46.533826200000476,17.393248300002597,0.0022467000017059036,0.0003997999992861878,0.5911062000050151,17518,8572.409999999994,227734.0,26.0,-518429506.5865556,0.0002786066793832923,12.0,-521207307.5955798,0.0011663866754118525,22.352508650001255,8759,8.088484599997173,-515651705.57753134,8759,2,8759.0,23.254341399999248,8572.409999999994,1,0,1,12.663333333333334,64.11666666666666,0.0006117373337590688,-414171531.4301169,-104257975.15643863,227734.0,227734.0,0.00022790402527154844,17518,17518,17518,17518,227734.0,227734.0,8759.0,8759.0,-104257975.15643863,-414171531.4301169,273.8774607046876,279.38657302811765,87600,5.108428478240967,0.0003,1138800.0,93781114880.0,0.14822706580162048,0.01,13.0,-2.384185791015625e-07,4.252283573150635,1.0,10.0,0.45000001788139343,nan,73.0,0.0060539646074175835,73.0,0.010355972684919834,87600,5.02508544921875,0.0003,1582846836736.0,1138800.0,0.06153341755270958,0.01,13.0,3.748370885848999,-1.1920928955078125e-07,1.0,10.0,0.10000000149011612,nan,17518.0,nan,17518.0,175200,2277600.0,273280800.0,nan,21021600,328655.8985905862,2739.1112522350836,1.0799998563015833e-05,4.529999932856299e-05,5.395000334829092e-05,7.5500029197428375e-06,2.255000072182156e-05,0.00013729999773204327,1369.5601461849544,1397.092098444053,1369.5682014429797,1397.092036055633,1.5807027000046219,328655.8266547689,335263.843624067,2739.1111623050365,2794.1843010973366,1.6174930714949474e-05,3.86861654355867e-05,8.807155901688362e-05,9.023185431839887e-05,0.00026524283752529695,1.8053310221783464e-06,5.981695418921787e-06,3.218493286213762e-05,5.49418389026509e-06,1.0808080052241141e-05,6.45537749972308e-05,6.582655550172003e-06,2.832138671807903e-05,0.7882727999967756,0.12764549999701558,0.6122265000012703,9.499999578110874e-06,4.2599996959324926e-05,0.0002953000002889894,0.02743190000182949,0.024144599999999627,0.00013029999536229298
1,245252.0,False,14,c0f04_00000,2026-02-02_18-37-15,1770053835,65.46388936042786,867.6425216197968,31972,PW-DSEE-NA-131,127.0.0.1,867.6425216197968,14,65.45762509999622,1.1200005246791989e-05,65.4574192,48.01579219999985,17.434826900003827,0.003041800002392847,0.00027269999554846436,0.540876949999074,17518,8572.409999999994,245252.0,28.0,-500779994.9579781,0.00027475208713724475,13.0,-501521380.3125981,0.0011498024573243317,23.140241299999616,8759,8.728532850000192,-500038609.60335815,8759,2,8759.0,23.991257249999762,8572.409999999994,1,0,1,11.86236559139785,64.105376344086,0.0006069357380645436,-401573825.2546586,-99206169.70331952,245252.0,245252.0,0.0002296957382389237,17518,17518,17518,17518,245252.0,245252.0,8759.0,8759.0,-99206169.70331952,-401573825.2546586,267.4889401080141,278.5013066956135,87600,4.992189407348633,0.0003,1226400.0,83223371776.0,0.02897864207625389,0.01,14.0,0.0,4.126290321350098,1.0,10.0,0.45000001788139343,nan,73.0,0.00994208175688982,73.0,0.008101768791675568,87600,4.860971450805664,0.0003,1361539497984.0,1226400.0,-0.10347142815589905,0.01,14.0,3.6367225646972656,0.0,1.0,10.0,0.10000000149011612,nan,17518.0,nan,17518.0,175200,2452800.0,294302400.0,nan,21021600,320989.35277970554,2675.2157481718027,7.099999493220821e-06,3.0449999030679464e-05,3.4249998861923814e-05,4.650002665584907e-06,1.9049999536946416e-05,0.00010704999658628367,1337.6112278133528,1392.6651830319624,1337.6175186508576,1392.665097158082,1.5417659999948228,320989.25573303056,334201.51201907895,2675.215478567158,2785.3305074474542,1.595661802363177e-05,3.792964164408437e-05,8.66628114577497e-05,8.891312012560489e-05,0.0002659178440619393,1.7793141451651441e-06,5.626621788439206e-06,3.232090195822229e-05,5.356415557966651e-06,1.0684259617101937e-05,6.538455052875738e-05,6.565830997552351e-06,2.8230965716308552e-05,0.7502721999990172,0.1478419000050053,0.5907277000005706,8.100003469735384e-06,2.4299995857290924e-05,0.0003688999931910075,0.025742599995282944,0.026197799998044502,9.339999814983457e-05
1,262770.0,False,15,c0f04_00000,2026-02-02_18-38-21,1770053901,66.6863842010498,934.3289058208466,31972,PW-DSEE-NA-131,127.0.0.1,934.3289058208466,15,66.67990650000138,9.699993825051934e-06,66.67970369999966,49.11618699999963,17.556900200004748,0.00337990000116406,0.0002903499989770353,0.5930582499968295,17518,8572.409999999994,262770.0,30.0,-483489838.20857906,0.00029112305391797833,14.0,-485360436.195379,0.0011703401043697491,23.600237949995062,8759,8.754620399999112,-481619240.22177905,8759,2,8759.0,24.54436540000097,8572.409999999994,1,0,1,12.040425531914895,64.06382978723403,0.0006495248693352624,-386760890.23774004,-96728947.97083896,262770.0,262770.0,0.0002357737652260699,17518,17518,17518,17518,262770.0,262770.0,8759.0,8759.0,-96728947.97083896,-386760890.23774004,262.5949044749352,277.38067802017713,87600,4.844181060791016,0.0003,1314000.0,77175676928.0,-0.1228388175368309,0.01,15.0,1.1920928955078125e-07,3.946544885635376,1.0,10.0,0.45000001788139343,nan,73.0,0.014411618933081627,73.0,0.011859215795993805,87600,4.8217244148254395,0.0003,1194699522048.0,1314000.0,-0.14359064400196075,0.01,15.0,3.5870981216430664,-1.1920928955078125e-07,1.0,10.0,0.10000000149011612,nan,17518.0,nan,17518.0,175200,2628000.0,315324000.0,nan,21021600,315116.4800420545,2626.269717651055,7.750000804662704e-06,3.3299998904112726e-05,3.6650002584792674e-05,5.099998816149309e-06,1.68999977177009e-05,0.00011565000022528693,1313.138577153871,1387.0614290052656,1313.1451300455603,1387.0613500856812,1.5855478000012226,315116.39974026254,332856.7626763665,2626.2694932528652,2774.1229900800504,1.5426445353455138e-05,4.0570294322049154e-05,9.386501146388256e-05,9.558077756551938e-05,0.0002841342327889573,1.8912191168373718e-06,5.982028185717364e-06,3.311852907458714e-05,5.638358671692804e-06,1.066229997866685e-05,6.599639738316877e-05,6.749323089292014e-06,2.817255060816115e-05,0.7401268999965396,0.14336970000294968,0.6538902999964193,9.2999980552122e-06,2.680000034160912e-05,0.0002953000002889894,0.023065900000801776,0.02418299999408191,0.00010109999857377261
1,280288.0,False,16,c0f04_00000,2026-02-02_18-39-21,1770053961,59.29473090171814,993.6236367225647,31972,PW-DSEE-NA-131,127.0.0.1,993.6236367225647,16,59.291112600003544,1.720000000204891e-05,59.29085859999759,44.239317100000335,15.047006599997985,0.0025381000014021993,0.0003083000010519754,0.5435579000040889,17518,8572.409999999994,280288.0,32.0,-483767718.2626802,0.00023457019554185536,15.0,-484724105.6946584,0.0010369608076872948,21.28175249999913,8759,8.809539949997998,-482811330.83070195,8759,2,8759.0,22.105841249998775,8572.409999999994,1,0,1,12.05952380952381,64.11785714285712,0.0005286770924889706,-393149637.64723945,-90618080.61544071,280288.0,280288.0,0.00019804048840407458,17518,17518,17518,17518,280288.0,280288.0,8759.0,8759.0,-90618080.61544071,-393149637.64723945,295.32651870058544,278.4377004551048,87600,5.044243812561035,0.0003,1401600.0,69213749248.0,0.07679502665996552,0.01,16.0,-1.1920928955078125e-07,3.827134132385254,1.0,10.0,0.45000001788139343,nan,73.0,0.012710588984191418,73.0,0.007922924123704433,87600,5.155796527862549,0.0003,1524914847744.0,1401600.0,0.19355541467666626,0.01,16.0,3.8551435470581055,0.0,1.0,10.0,0.10000000149011612,nan,17518.0,nan,17518.0,175200,2803200.0,336345600.0,nan,21021600,354395.24466776714,2953.630200838997,8.35000173537992e-06,3.484999979264103e-05,4.1300001612398773e-05,5.300000339047983e-06,1.9499999325489625e-05,0.00011215000267839059,1476.8202516401846,1392.3472703871184,1476.8290877227398,1392.3472276476077,1.5787259999997332,354395.1592307793,334125.2095448419,2953.6301510448525,2784.694612145069,1.4402239525318337e-05,3.387641184984726e-05,7.728254964169552e-05,7.726003726726653e-05,0.00022832079274040444,1.7140240999550537e-06,5.249923546461063e-06,2.7707921215024857e-05,4.746755881296774e-06,9.549961975043714e-06,5.49040550750971e-05,5.868214963324696e-06,2.52622813952582e-05,0.7851775000017369,0.14293139999790583,0.6117225000052713,5.599998985417187e-06,2.0900006347801536e-05,0.00035429999843472615,0.01891030000115279,0.019095900002866983,7.550000009359792e-05
1,297806.0,False,17,c0f04_00000,2026-02-02_18-40-14,1770054014,53.25516986846924,1046.878806591034,31972,PW-DSEE-NA-131,127.0.0.1,1046.878806591034,17,53.25134550000075,9.000003046821803e-06,53.251173099997686,39.10690330000216,14.140104600002815,0.0022772000011173077,0.00030509999851346947,0.530303499999718,17518,8572.409999999994,297806.0,34.0,-484238249.36905265,0.00023671655277766727,16.0,-487312613.31856763,0.0009876999037902868,18.71580985000037,8759,7.5484953000013775,-481163885.4195377,8759,2,8759.0,19.540011299995967,8572.409999999994,1,0,1,11.886666666666665,64.17733333333334,0.0005192575862772835,-399930377.8092606,-84307871.55979206,297806.0,297806.0,0.00020344007771323024,17518,17518,17518,17518,297806.0,297806.0,8759.0,8759.0,-84307871.55979206,-399930377.8092606,328.85519400296744,280.9713583342467,87600,5.077195644378662,0.0003,1489200.0,61022547968.0,0.11026326566934586,0.01,17.0,-1.1920928955078125e-07,3.6956443786621094,1.0,10.0,0.45000001788139343,nan,73.0,0.00864167045801878,73.0,0.004807406570762396,87600,5.121104717254639,0.0003,1601992654848.0,1489200.0,0.1588134914636612,0.01,17.0,3.8189713954925537,-1.1920928955078125e-07,1.0,10.0,0.05000000074505806,nan,17518.0,nan,17518.0,175200,2978400.0,357367200.0,nan,21021600,394628.25151794305,3288.943194163513,7.850001566112041e-06,3.5649994970299304e-05,4.059999992023222e-05,5.199999577598646e-06,1.9899998733308166e-05,0.00011420000009820797,1644.4743631148992,1405.0170095659503,1644.4791913470765,1405.016964495791,1.2395620000024792,394628.13743224664,337165.5997492139,3288.9430398094214,2810.0340912441407,1.2760628414557333e-05,3.337328878277874e-05,7.510889859619473e-05,7.436214196678432e-05,0.00022949095126015935,1.5984909859580458e-06,5.296990896616651e-06,2.9349219735172264e-05,4.572721836270354e-06,9.66373902620725e-06,6.015460762852138e-05,5.971711440292484e-06,2.5732793215636638e-05,0.566857899997558,0.13638680000440218,0.49600400000053924,6.800000846851617e-06,2.0499996026046574e-05,0.00029380000341916457,0.01840430000447668,0.021081600003526546,8.689999958733097e-05
1,315324.0,False,18,c0f04_00000,2026-02-02_18-41-07,1770054067,53.415793657302856,1100.2946002483368,31972,PW-DSEE-NA-131,127.0.0.1,1100.2946002483368,18,53.41129199999705,9.700001101009548e-06,53.411123800004134,39.35987159999786,14.046583600000304,0.0027306000047246926,0.0003260000012232922,0.45585215000028256,17518,8572.409999999994,315324.0,36.0,-481325031.2037066,0.00023503788340579503,17.0,-482755315.34122103,0.000979500299814729,18.937418700003036,8759,7.095667400004459,-479894747.06619215,8759,2,8759.0,19.666125899999315,8572.409999999994,1,0,1,12.553333333333333,64.18399999999998,0.0005050552525334357,-399586855.0654521,-81738176.13825452,315324.0,315324.0,0.000195766713502441,17518,17518,17518,17518,315324.0,315324.0,8759.0,8759.0,-81738176.13825452,-399586855.0654521,327.8596554354138,283.22136659239214,87600,4.996020317077637,0.0003,1576800.0,55849783296.0,0.025861330330371857,0.01,18.0,2.980232238769531e-07,3.520434617996216,1.0,10.0,0.45000001788139343,nan,73.0,0.011918541043996811,73.0,0.008022383786737919,87600,4.9029011726379395,0.0003,1419120607232.0,1576800.0,-0.061969392001628876,0.01,18.0,3.5530622005462646,0.0,1.0,10.0,0.05000000074505806,nan,17518.0,nan,17518.0,175200,3153600.0,378388800.0,nan,21021600,393433.4825822183,3278.9857171875424,8.050003089010715e-06,3.445000038482249e-05,4.275000173947774e-05,5.49999822396785e-06,1.9600000086938962e-05,0.0001316499983659014,1639.4957091617025,1416.2683383896374,1639.500839595576,1416.2682945028814,1.3145361999995657,393433.3743406281,339865.6104528526,3278.985557629334,2832.5367492878613,1.2466026753612582e-05,3.095970891883409e-05,7.591874170003926e-05,7.241917203001713e-05,0.00022241818139309957,1.6368018130894698e-06,5.7757690424442095e-06,2.7109106637960107e-05,4.51979898827303e-06,9.56943355381895e-06,5.710387184755472e-05,5.828211621592495e-06,2.4310189789543737e-05,0.6974211999986437,0.10208540000166977,0.47375779999856604,5.799993232358247e-06,2.010000025620684e-05,0.0002718999967328273,0.018918699999630917,0.021621899999445304,6.350000330712646e-05
1,332842.0,False,19,c0f04_00000,2026-02-02_18-42-03,1770054123,55.78463053703308,1156.0792307853699,31972,PW-DSEE-NA-131,127.0.0.1,1156.0792307853699,19,55.77999140000611,9.800001862458885e-06,55.7798197000011,40.30968720000237,15.465771099996346,0.0023707000000285916,0.0002407000029052142,0.4612767500002519,17518,8572.409999999994,332842.0,38.0,-474564491.69491655,0.00024928644522270206,18.0,-477713244.98724556,0.001071284917450407,19.367890750003426,8759,7.053682050001953,-471415738.40258753,8759,2,8759.0,20.14114039999913,8572.409999999994,1,0,1,11.751898734177216,63.545569620253126,0.0005407431108209843,-396763515.93430454,-77800975.76061201,332842.0,332842.0,0.00020756379804798286,17518,17518,17518,17518,332842.0,332842.0,8759.0,8759.0,-77800975.76061201,-396763515.93430454,313.9029959179399,284.6856474120799,87600,4.9211344718933105,0.0003,1664400.0,49739071488.0,-0.04575544595718384,0.01,19.0,-2.384185791015625e-07,3.519501209259033,1.0,10.0,0.22500000894069672,nan,73.0,0.004633892327547073,73.0,0.00950078759342432,87600,4.7582926750183105,0.0003,1225949315072.0,1664400.0,-0.20865339040756226,0.01,19.0,3.352895975112915,0.0,1.0,10.0,0.05000000074505806,nan,17518.0,nan,17518.0,175200,3328800.0,399410400.0,nan,21021600,376686.56298965705,3139.4126051500316,6.099999154685065e-06,2.809999932651408e-05,2.9950002499390393e-05,4.150002496317029e-06,1.6649999452056363e-05,9.43000013648998e-05,1569.7133232557514,1423.5905999656468,1569.7239275278516,1423.590562949938,1.360906399997475,376686.4961661288,341622.75121046935,3139.4125826481886,2847.1812612994368,1.3118077585027135e-05,3.523674202687973e-05,7.949598703101544e-05,7.887535698715653e-05,0.00023308876878055539,1.656321355771784e-06,5.4470031054817824e-06,2.9122507973399804e-05,5.381834644509758e-06,1.0100534816484068e-05,5.8993202661744336e-05,6.205042449089004e-06,2.5612992689839524e-05,0.645439299994905,0.1094057000009343,0.5559720999954152,6.299997039604932e-06,2.2400003217626363e-05,0.0002956000025733374,0.02291539999714587,0.026337499999499414,9.219999628840014e-05
1,350360.0,False,20,c0f04_00000,2026-02-02_18-43-27,1770054207,83.32798337936401,1239.407214164734,31972,PW-DSEE-NA-131,127.0.0.1,1239.407214164734,20,59.50716860000102,8.299997716676444e-06,59.506991900001594,43.57686190000095,15.922513099998469,0.0038945999986026436,0.0003266499988967553,0.5075790000009874,17518,8572.409999999994,350360.0,40.0,-467075626.89107794,0.0002476901913751386,19.0,-469937266.6151322,0.0010505160053846125,20.978385399997933,8759,7.761253350003244,-464213987.16702366,8759,2,8759.0,21.774082849999104,8572.409999999994,1,0,1,14.519491525423728,63.48474576271186,0.0005553648515612548,-390158120.0810454,-76917506.81003255,350360.0,350360.0,0.00020790147192608407,17518,17518,17518,17518,350360.0,350360.0,8759.0,8759.0,-76917506.81003255,-390158120.0810454,294.2593807851624,285.1493120430406,87600,4.842185020446777,0.0003,1752000.0,48324820992.0,-0.12730622291564941,0.01,20.0,-2.384185791015625e-07,3.351245880126953,1.0,10.0,0.22500000894069672,nan,73.0,0.013348383828997612,73.0,0.01625664345920086,87600,4.691753387451172,0.0003,1170758434816.0,1752000.0,-0.27595531940460205,0.01,20.0,3.3104443550109863,0.0,1.0,10.0,0.05000000074505806,nan,17518.0,nan,17518.0,175200,3504000.0,420432000.0,nan,21021600,353112.60278240935,2942.9402190072133,8.449995220871642e-06,3.6150002415524796e-05,4.4249998609302565e-05,5.85000088904053e-06,1.9400002202019095e-05,0.00011814999743364751,1471.4722895612977,1425.9091775398772,1471.487713284294,1425.909140635595,1.4442875000022468,353112.51855588536,342179.1460177059,2942.9401003646076,2851.8184158905733,1.3493683530762626e-05,3.47309564798452e-05,8.160293000608548e-05,8.114106442657505e-05,0.00024287384109650443,1.6694078903280191e-06,5.411427562851585e-06,2.931136620960859e-05,4.894642056876484e-06,1.0337452637774788e-05,5.963383538398291e-05,6.2124414278474705e-06,2.6381121999949413e-05,0.6422151000006124,0.17797350000182632,0.5647729999982403,1.930000144056976e-05,4.7599998652003706e-05,0.0003161999993608333,0.0359457000013208,0.022322999997413717,8.289999823318794e-05
1,367878.0,False,21,c0f04_00000,2026-02-02_18-44-28,1770054268,61.00994062423706,1300.417154788971,31972,PW-DSEE-NA-131,127.0.0.1,1300.417154788971,21,61.00417970000126,9.60000033956021e-06,61.00400459999946,45.77630440000212,15.223518400001922,0.002242100003059022,0.000243800001044292,0.5450559999953839,17518,8572.409999999994,367878.0,42.0,-464000123.50109303,0.0002405117771569729,20.0,-467606589.1136637,0.0010442331463511167,22.045378150000033,8759,19.907252249999146,-460393657.8885224,8759,2,8759.0,22.875459200000478,8572.409999999994,1,0,1,18.196511627906975,63.768604651162825,0.0005349407584694401,-390503030.30469334,-73497093.19639969,367878.0,367878.0,0.00020558567806683452,17518,17518,17518,17518,367878.0,367878.0,8759.0,8759.0,-73497093.19639969,-390503030.30469334,206.44115372698874,280.06446274551604,87600,5.026288986206055,0.0003,1839600.0,45851340800.0,0.05644185468554497,0.01,21.0,0.0,3.301607847213745,1.0,10.0,0.22500000894069672,nan,73.0,0.01272544078528881,73.0,0.014444997534155846,87600,4.912609577178955,0.0003,1417491775488.0,1839600.0,-0.053530678153038025,0.01,21.0,3.4582674503326416,0.0,1.0,10.0,0.05000000074505806,nan,17518.0,nan,17518.0,175200,3679200.0,441453600.0,nan,21021600,247729.64254503517,2064.6490378110334,6.9499983510468155e-06,3.0100000003585592e-05,3.220000144210644e-05,4.400000761961564e-06,1.595000139786862e-05,8.914999853004701e-05,1032.325444697488,1400.4819130738283,1032.3272038285525,1400.4818797023142,1.6010204999984126,247729.60517702787,336077.2982901981,2064.6489721174294,2800.9638811626824,1.2876750849090555e-05,3.339136015697723e-05,7.719023767073361e-05,7.762693996519415e-05,0.00023526524120102296,1.593054273575094e-06,5.213395048570148e-06,2.9241533358137163e-05,4.832270283784005e-06,1.026082975414179e-05,5.6845142495486075e-05,5.955655166297484e-06,2.6137192331948623e-05,0.8340188000001945,0.10214409999753116,0.6243838999944273,1.049999991664663e-05,5.2100003813393414e-05,0.0002569999996921979,0.02306259999750182,0.016543500001716893,6.169999687699601e-05
1,385396.0,False,22,c0f04_00000,2026-02-02_18-45-29,1770054329,61.42012095451355,1361.8372757434845,31972,PW-DSEE-NA-131,127.0.0.1,1361.8372757434845,22,61.40342650000093,1.4700002793688327e-05,61.40315489999921,42.228474800002004,19.168160199995327,0.0033640999972703867,0.0003517500044836197,0.48833770000055665,17518,8572.409999999994,385396.0,44.0,-454087382.8395836,0.0002312703862732142,21.0,-456167229.7968372,0.0009569687975583349,20.343128250002337,8759,7.648032799996145,-452007535.88232994,8759,2,8759.0,21.099259800004802,8572.409999999994,1,0,1,16.077011494252872,65.09540229885057,0.0005007626921438888,-382753535.9717206,-71333846.86786306,385396.0,385396.0,0.00018967866378236329,17518,17518,17518,17518,385396.0,385396.0,8759.0,8759.0,-71333846.86786306,-382753535.9717206,285.0924407601021,280.2888986164004,87600,4.926976680755615,0.0003,1927200.0,42044309504.0,-0.04259338229894638,0.01,22.0,1.1920928955078125e-07,3.204268455505371,1.0,10.0,0.22500000894069672,nan,73.0,0.007167642470449209,73.0,0.01945989765226841,87600,4.7732367515563965,0.0003,1223101775872.0,1927200.0,-0.1959487646818161,0.01,22.0,3.1787610054016113,-1.1920928955078125e-07,1.0,10.0,0.05000000074505806,nan,17518.0,nan,17518.0,175200,3854400.0,462475200.0,nan,21021600,342113.8675173088,2851.2731820896256,8.900002285372466e-06,3.540000398061238e-05,5.080000119050965e-05,6.400001439033076e-06,2.1149997337488458e-05,0.00011765000090235844,1425.6380898547552,1401.60402856675,1425.6412174123848,1401.6039730121051,1.621371300003375,342113.7455848327,336346.5813003227,2851.272852630454,2803.2081464286753,1.192979123305717e-05,3.206132130013897e-05,7.345951463975338e-05,7.402077062841873e-05,0.00021849366596261676,1.5664904802392162e-06,5.118577445394602e-06,2.6779999881190735e-05,4.432037799452529e-06,9.08525815152354e-06,5.391472908926787e-05,5.965503382129518e-06,2.4914050704512528e-05,0.9057651999974041,0.1738781000021845,0.49428160000388743,7.899994670879096e-06,2.9400005587376654e-05,0.00037059999885968864,0.022105700001702644,0.02415399999881629,0.00011999999696854502
1,402914.0,False,23,c0f04_00000,2026-02-02_18-46-42,1770054402,72.93505525588989,1434.7723309993744,31972,PW-DSEE-NA-131,127.0.0.1,1434.7723309993744,23,72.92851179999707,1.1299998732283711e-05,72.92829180000263,51.89818910000031,21.025155299998005,0.002792700004647486,0.0003693000035127625,0.6668485500013048,17518,8572.409999999994,402914.0,46.0,-436076925.57765526,0.00033644828794952554,22.0,-436985922.4750744,0.0012609015596044303,24.916605549999076,8759,9.625515200001246,-435167928.6802361,8759,2,8759.0,25.931119049997505,8572.409999999994,1,0,1,17.905882352941177,67.26470588235296,0.0006973842299716692,-367978565.4811382,-68098360.09651706,402914.0,402914.0,0.0002609339298068888,17518,17518,17518,17518,402914.0,402914.0,8759.0,8759.0,-68098360.09651706,-367978565.4811382,240.06702636294804,278.2614441438579,87600,5.089467525482178,0.0003,2014800.0,39563284480.0,0.1183980405330658,0.01,23.0,-4.76837158203125e-07,3.088158369064331,1.0,10.0,0.22500000894069672,nan,73.0,0.008672952651977539,73.0,0.009758342988789082,87600,4.86581563949585,0.0003,1186381955072.0,2014800.0,-0.10213954001665115,0.01,23.0,3.2532875537872314,0.0,1.0,10.0,0.05000000074505806,nan,17518.0,nan,17518.0,175200,4029600.0,483496800.0,nan,21021600,288082.9559193559,2400.961160665484,9.449999197386205e-06,4.1700001020217314e-05,4.8949998017633334e-05,6.599999323952943e-06,2.384999970672652e-05,0.00013299999773153104,1200.4836830983743,1391.4655730100494,1200.4892273166547,1391.4655212133887,1.5313068999967072,288082.4821686371,333913.6308362383,2400.9609731181176,2782.931241541201,1.5436341721910072e-05,4.364403162109843e-05,0.00010058950493480617,0.00010122184423907711,0.0003098450475494749,2.094279673287787e-06,6.335929579465377e-06,3.682495896593685e-05,6.129002391958493e-06,1.2534960073437726e-05,7.545170443953213e-05,7.455140188911368e-06,3.221094550190238e-05,0.7816170999940368,0.11640130000159843,0.5908454999953392,7.000002369750291e-06,2.2499996703118086e-05,0.00027919999411096796,0.022602199998800643,0.018941999995149672,9.590000263415277e-05
1,420432.0,False,24,c0f04_00000,2026-02-02_18-48-00,1770054480,78.18166327476501,1512.9539942741394,31972,PW-DSEE-NA-131,127.0.0.1,1512.9539942741394,24,78.1730710999982,2.7000001864507794e-05,78.17270650000137,57.051819799999066,21.114274400002614,0.0033239000040339306,0.0005051000007370021,0.7325244999992719,17518,8572.409999999994,420432.0,48.0,-441323705.1007453,0.00034712122193789724,23.0,-441946581.8052743,0.001273450203490233,27.388877699999284,8759,10.553738600003271,-440700828.3962164,8759,2,8759.0,28.506526200002554,8572.409999999994,1,0,1,18.900909090909096,69.05363636363637,0.0007333973311431234,-375466681.29174554,-65857023.80899983,420432.0,420432.0,0.000270889829325413,17518,17518,17518,17518,420432.0,420432.0,8759.0,8759.0,-65857023.80899983,-375466681.29174554,223.99615807845896,275.48041432106413,87600,4.964136123657227,0.0003,2102400.0,36252844032.0,-0.009259028360247612,0.01,24.0,4.172325134277344e-07,2.9718399047851562,1.0,10.0,0.22500000894069672,nan,73.0,0.013837706297636032,73.0,0.007773528341203928,87600,4.936100482940674,0.0003,1315800088576.0,2102400.0,-0.03109506145119667,0.01,24.0,3.319265604019165,0.0,1.0,10.0,0.05000000074505806,nan,17518.0,nan,17518.0,175200,4204800.0,504518400.0,nan,21021600,268796.24653766153,2240.223598047101,1.5299996448447928e-05,6.474999827332795e-05,6.584999937331304e-05,1.0699997801566496e-05,3.074999767704867e-05,0.00015614999938406982,1120.1129892240326,1377.5588761066192,1120.1149514133067,1377.5588039872812,1.7709351000012248,268796.1578628912,330576.40428374824,2240.223331648807,2755.1178466272986,1.657951778732884e-05,4.479665117365139e-05,0.00010586143531313185,0.00010763534688148054,0.00032280593087603544,2.2339351818193963e-06,6.4351945063464e-06,3.832261010873345e-05,7.059869505146462e-06,1.247983825577537e-05,7.647422892139542e-05,7.496537474265172e-06,3.129298191166521e-05,0.7943629000001238,0.2310585999948671,0.6870507999992697,7.299997378140688e-06,2.5199995434377342e-05,0.00037850000080652535,0.029540700001234654,0.027827300000353716,0.0001505999971413985
1,437950.0,False,25,c0f04_00000,2026-02-02_18-49-11,1770054551,70.21424126625061,1583.16823554039,31972,PW-DSEE-NA-131,127.0.0.1,1583.16823554039,25,70.20739570000296,1.3000004400964826e-05,70.20715560000099,51.924028699999326,18.278012599999784,0.0031875000058789738,0.0003772999989450909,0.6286675999981526,17518,8572.409999999994,437950.0,50.0,-430203094.5801301,0.00037127361403864435,24.0,-431191183.56932086,0.0013931998199674838,24.957055549999495,8759,10.598153049999382,-429215005.5909393,8759,2,8759.0,25.94501885000136,8572.409999999994,1,0,1,14.953535353535353,68.81313131313131,0.0007674247986511838,-366797100.61104846,-63405993.96908159,437950.0,437950.0,0.0002824850757543443,17518,17518,17518,17518,437950.0,437950.0,8759.0,8759.0,-63405993.96908159,-366797100.61104846,249.37868790372585,274.331482293573,87600,4.9633307456970215,0.0003,2190000.0,33592047616.0,-0.011996950022876263,0.01,25.0,-2.384185791015625e-07,2.83858323097229,1.0,10.0,0.22500000894069672,nan,73.0,0.01650567725300789,73.0,0.010265243239700794,87600,4.850329399108887,0.0003,1164131172352.0,2190000.0,-0.11880538612604141,0.01,25.0,3.1378021240234375,0.0,1.0,10.0,0.05000000074505806,nan,17518.0,nan,17518.0,175200,4380000.0,525540000.0,nan,21021600,299257.2639872862,2494.094285106059,9.549999958835542e-06,4.205000004731119e-05,5.189999865251593e-05,6.70000008540228e-06,2.305000089108944e-05,0.00013285000022733584,1247.0510925160138,1371.8135682702614,1247.0581190740033,1371.813507775364,1.686020399996778,299257.16003994655,329197.6864737006,2494.094057873051,2743.627223673799,1.6815456450224217e-05,5.066273663063183e-05,0.0001097502932429679,0.000112254816454065,0.00033601060241636655,2.2501898255344286e-06,7.22680911933526e-06,4.219501477726444e-05,6.365329842549891e-06,1.3748648042265921e-05,8.231699800272541e-05,7.980621833310602e-06,3.432574948273993e-05,0.7656246999977157,0.17716230000223732,0.6943696999951499,5.599998985417187e-06,2.1100000594742596e-05,0.0007552999959443696,0.028790899996238295,0.018527199994423427,0.00010689999908208847
1,455468.0,False,26,c0f04_00000,2026-02-02_18-50-20,1770054620,69.71345472335815,1652.8816902637482,31972,PW-DSEE-NA-131,127.0.0.1,1652.8816902637482,26,69.7006201999975,1.3299999409355223e-05,69.70036719999916,49.74641249999695,19.947786999997334,0.0033715000026859343,0.0003937999972549733,0.6523723499994958,17518,8572.409999999994,455468.0,52.0,-427461286.6734218,0.0003200114864572312,25.0,-429219098.8683135,0.0012488993108414324,23.861620150000817,8759,9.175326500004303,-425703474.4785301,8759,2,8759.0,24.8595150000001,8572.409999999994,1,0,1,14.427272727272728,68.4151515151515,0.0007009286173721217,-367219225.9560139,-60242060.71740788,455468.0,455468.0,0.00025598209122921025,17518,17518,17518,17518,455468.0,455468.0,8759.0,8759.0,-60242060.71740788,-367219225.9560139,251.2102496167857,273.3634302748136,87600,4.904271602630615,0.0003,2277600.0,29867098112.0,-0.07298039644956589,0.01,26.0,2.384185791015625e-07,2.679023504257202,1.0,10.0,0.22500000894069672,nan,73.0,0.01796620525419712,73.0,0.020029302686452866,87600,4.930261135101318,0.0003,1354149134336.0,2277600.0,-0.03755703940987587,0.01,26.0,3.3182973861694336,-1.1920928955078125e-07,1.0,10.0,0.07500000298023224,nan,17518.0,nan,17518.0,175200,4555200.0,546561600.0,nan,21021600,301453.8410808743,2512.401414863511,1.0300002031726763e-05,4.450000051292591e-05,5.5900000006658956e-05,7.1499998739454895e-06,2.380000296398066e-05,0.00013699999908567406,1256.204393139257,1366.9728373888204,1256.2130904858961,1366.97279054218,1.6712406000006013,301453.7593779328,328036.0415346331,2512.401252736178,2733.9457504214165,1.6831677912940134e-05,4.345794023124426e-05,9.853712940897514e-05,0.00010136744005190403,0.000311753059768072,2.0444717054307313e-06,6.299109552106043e-06,3.614634112333257e-05,6.035325620669653e-06,1.1964042989150713e-05,7.377870306381743e-05,7.23287196790584e-06,3.09609028948914e-05,0.9102640000055544,0.13563210000575054,0.5804281999953673,6.999995093792677e-06,2.5200002710334957e-05,0.0002935999946203083,0.02222559999790974,0.021861300003365614,7.400000322377309e-05
1,472986.0,False,27,c0f04_00000,2026-02-02_18-51-31,1770054691,71.07257604598999,1723.9542663097382,31972,PW-DSEE-NA-131,127.0.0.1,1723.9542663097382,27,71.06660009999905,9.499999578110874e-06,71.06642289999581,52.03966200000286,19.021368199995777,0.0030776999992667697,0.00027165000210516155,0.6745531499982462,17518,8572.409999999994,472986.0,54.0,-430440661.7596773,0.0003211206700303539,26.0,-431608219.76911664,0.0012824208594006293,24.907714250002755,8759,10.01258725000298,-429273103.75023794,8759,2,8759.0,26.000599899998633,8572.409999999994,1,0,1,15.024,67.436,0.0007072521010778286,-372811048.8290086,-57629612.93066874,472986.0,472986.0,0.0002496663600004718,17518,17518,17518,17518,472986.0,472986.0,8759.0,8759.0,-57629612.93066874,-372811048.8290086,246.37769307674256,272.25867045667957,87600,4.844357490539551,0.0003,2365200.0,27016325120.0,-0.13297948241233826,0.01,27.0,-1.1920928955078125e-07,2.541888475418091,1.0,10.0,0.22500000894069672,nan,73.0,0.012247877195477486,73.0,0.006522438954561949,87600,4.977466583251953,0.0003,1394463866880.0,2365200.0,0.010514865629374981,0.01,27.0,3.353776216506958,0.0,1.0,10.0,0.07500000298023224,nan,17518.0,nan,17518.0,175200,4730400.0,567583200.0,nan,21021600,295655.64135601325,2464.077820528207,7.300001016119495e-06,3.0300001526484266e-05,3.429999924264848e-05,4.2000028770416975e-06,1.7800000932766125e-05,0.00010620000102790073,1232.0419617065181,1361.4485261844823,1232.0470890647587,1361.4484953861606,1.89330190000328,295655.58314104436,326710.35388466326,2464.0777477511792,2722.897100643191,1.5819398415332252e-05,4.3564231902701054e-05,0.00010137204134878311,0.00010220609266318984,0.00031269457898514333,2.063609582203541e-06,6.433179061094129e-06,3.5235274227182734e-05,5.900514109185733e-06,1.1674721917365799e-05,7.104187321618514e-05,7.171354391554967e-06,3.0071718563456753e-05,0.8399448999989545,0.23030840000137687,0.7660164999979315,7.499998901039362e-06,3.119999746559188e-05,0.0005708999960916117,0.03172430000267923,0.02384610000444809,9.509999654255807e-05
1,490504.0,False,28,c0f04_00000,2026-02-02_18-52-51,1770054771,80.10005211830139,1804.0543184280396,31972,PW-DSEE-NA-131,127.0.0.1,1804.0543184280396,28,80.0911144999991,1.6199999663513154e-05,80.09073670000362,56.138274799996,23.943842899992887,0.0035853000008501112,0.00031659999876865186,0.635540850002144,17518,8572.409999999994,490504.0,56.0,-425776744.37851214,0.0003908461814911208,27.0,-429641164.94967383,0.001364144979956964,27.031216699997458,8759,9.547356150003907,-421912323.8073505,8759,2,8759.0,28.051228000000265,8572.409999999994,1,0,1,22.558928571428567,68.10267857142857,0.0007852507918752171,-370655555.2524122,-55121189.12609994,490504.0,490504.0,0.0002966471948499916,17518,17518,17518,17518,490504.0,490504.0,8759.0,8759.0,-55121189.12609994,-370655555.2524122,218.64624487276353,269.89495242966075,87600,5.001254558563232,0.0003,2452800.0,25421203456.0,0.023737963289022446,0.01,28.0,-5.960464477539062e-07,2.442143440246582,1.0,10.0,0.22500000894069672,nan,73.0,0.008613033220171928,73.0,0.011161813512444496,87600,4.993711471557617,0.0003,1463234199552.0,2452800.0,0.026272395625710487,0.01,28.0,3.339864730834961,0.0,1.0,10.0,0.07500000298023224,nan,17518.0,nan,17518.0,175200,4905600.0,588604800.0,nan,21021600,262376.19137510133,2186.7170707282066,7.800001185387373e-06,3.63000035576988e-05,4.090000584255904e-05,5.199995939619839e-06,2.045000292127952e-05,0.00013269999908516183,1093.3596680242767,1349.6284717206413,1093.3622253884716,1349.6284264951137,1.8666191000011167,262376.1062306578,323873.86906604,2186.716852384248,2699.2570168120837,1.6965465552657204e-05,4.643588960826288e-05,0.00011137503815372498,0.00011342121410260457,0.00035350601717136634,2.4039747581318567e-06,7.018715580305625e-06,4.2315299735419485e-05,7.023933755035626e-06,1.4626395559184117e-05,8.8669680860073e-05,8.192382143411657e-06,3.527576778961005e-05,0.9556876999995438,0.1595720999976038,0.6993564000003971,7.199996616691351e-06,2.439999661874026e-05,0.00035909999860450625,0.022831799993582536,0.028144899995822925,0.00012670000432990491
1,508022.0,False,29,c0f04_00000,2026-02-02_18-53-54,1770054834,62.37927031517029,1866.4335887432098,31972,PW-DSEE-NA-131,127.0.0.1,1866.4335887432098,29,62.37119589999929,1.1599993740674108e-05,62.370968399998674,46.30342309999833,16.059785499994177,0.004478399998333771,0.000334550000843592,0.6181673999999475,17518,8572.409999999994,508022.0,58.0,-427003695.0563458,0.00029556424832165816,28.0,-427221476.3216558,0.0011994121145818587,22.174956100003328,8759,12.015679450003518,-426785913.7910359,8759,2,8759.0,23.13482864999969,8572.409999999994,1,0,1,13.759090909090908,68.51931818181816,0.0006341940669698574,-373434687.1733565,-53569007.88298936,508022.0,508022.0,0.00024139815779076806,17518,17518,17518,17518,508022.0,508022.0,8759.0,8759.0,-53569007.88298936,-373434687.1733565,280.67356239536434,270.2525041086327,87600,5.0371880531311035,0.0003,2540400.0,24158531584.0,0.057955846190452576,0.01,29.0,-8.344650268554688e-07,2.3207502365112305,1.0,10.0,0.22500000894069672,nan,73.0,0.010845367796719074,73.0,0.007118795067071915,87600,4.96189022064209,0.0003,1393697751040.0,2540400.0,-0.007639862131327391,0.01,29.0,3.1004114151000977,-1.1920928955078125e-07,1.0,10.0,0.07500000298023224,nan,17518.0,nan,17518.0,175200,5080800.0,609626400.0,nan,21021600,336811.9622376071,2807.0859276480905,8.049999451031908e-06,3.804999869316816e-05,4.315000114729628e-05,5.549998604692519e-06,2.0250001398380846e-05,0.0001237499964190647,1403.5478841758556,1351.4164900666985,1403.5564543956623,1351.4164514610716,1.4178404999984195,336811.8651012978,324302.9426163294,2807.0856892773886,2702.833041816131,1.505449242690724e-05,3.9601736357031546e-05,9.297861352752409e-05,9.308572903936811e-05,0.00027800871831291165,1.909059964073737e-06,6.074766109959826e-06,3.310425495479317e-05,5.766932904352283e-06,1.314444424956559e-05,6.891117126756829e-05,6.9212859806054774e-06,3.0741869945953907e-05,0.6450298000054318,0.1435187000024598,0.56408250000095,7.300004654098302e-06,3.1600000511389226e-05,0.0002901999978348613,0.03643770000053337,0.027899699998670258,0.00010350000229664147
1,525540.0,False,30,c0f04_00000,2026-02-02_18-55-09,1770054909,74.66175770759583,1941.0953464508057,31972,PW-DSEE-NA-131,127.0.0.1,1941.0953464508057,30,74.65296159999707,1.2600001355167478e-05,74.65261259999534,51.13327479999862,23.511931899993215,0.0034441000025253743,0.0005796999976155348,0.5271353499992983,17518,8572.409999999994,525540.0,60.0,-419866010.2086653,0.00029105587096220115,29.0,-420665799.1280025,0.0011592974148500778,24.708711049996054,8759,8.069545350001135,-419066221.2893281,8759,2,8759.0,25.551641399997607,8572.409999999994,1,0,1,19.61320754716981,67.02169811320755,0.0006251829675279435,-368077763.21252394,-51788246.99614135,525540.0,525540.0,0.00024155454496816917,17518,17518,17518,17518,525540.0,525540.0,8759.0,8759.0,-51788246.99614135,-368077763.21252394,234.55377813355668,268.88808479296097,87600,5.0066046714782715,0.0003,2628000.0,22847707136.0,0.026874182745814323,0.01,30.0,1.1920928955078125e-07,2.2344470024108887,1.0,10.0,0.22500000894069672,nan,73.0,0.009223772212862968,73.0,0.00904320552945137,87600,4.920002460479736,0.0003,1290906632192.0,2628000.0,-0.04685823991894722,0.01,30.0,3.3817551136016846,0.0,1.0,10.0,0.07500000298023224,nan,17518.0,nan,17518.0,175200,5256000.0,630648000.0,nan,21021600,281466.5288783528,2345.821205853873,1.0600000678095967e-05,4.7100002120714635e-05,0.000143749999551801,6.900001608300954e-06,2.7750003937399015e-05,0.00021710000146413222,1172.913388922107,1344.5935774680972,1172.918470963319,1344.593535227989,1.5303530000019236,281466.42335571244,322665.6316877243,2345.820964003691,2689.187223593581,1.4154294787747025e-05,4.03677066933831e-05,9.093221985529012e-05,9.062569453267648e-05,0.000272570442905021,1.8545808343383225e-06,6.1127521739070505e-06,3.41575472700717e-05,5.4595105514965145e-06,1.116046434996224e-05,6.914989172201441e-05,6.887214846041774e-06,2.876451448970095e-05,0.680152699998871,0.14026330000342568,0.6534944000013638,7.999995432328433e-06,3.5099998058285564e-05,0.00033940000139409676,0.02777580000110902,0.02770769999915501,8.399999933317304e-05
1,543058.0,False,31,c0f04_00000,2026-02-02_18-56-19,1770054979,70.70925617218018,2011.8046026229858,31972,PW-DSEE-NA-131,127.0.0.1,2011.8046026229858,31,70.70169519999763,1.3699995179194957e-05,70.70145139999659,51.84847180000361,18.847793900000397,0.0029022000016993843,0.00034640000012586825,0.6080776999951922,17518,8572.409999999994,543058.0,62.0,-423891479.07355434,0.0003575885637039216,30.0,-427561815.8622424,0.0013226780178251787,24.886344649996317,8759,11.79681564999919,-420221142.2848663,8759,2,8759.0,25.908316000000923,8572.409999999994,1,0,1,15.067676767676769,67.32525252525254,0.0007267861984491684,-374291703.26314926,-49599775.81040508,543058.0,543058.0,0.0002795766124889975,17518,17518,17518,17518,543058.0,543058.0,8759.0,8759.0,-49599775.81040508,-374291703.26314926,247.62508909021085,268.14500535331064,87600,4.851649284362793,0.0003,2715600.0,19829673984.0,-0.1297450214624405,0.01,31.0,1.1920928955078125e-07,2.0587644577026367,1.0,10.0,0.22500000894069672,nan,73.0,0.008809039369225502,73.0,0.009963194839656353,87600,4.950040340423584,0.0003,1535836815360.0,2715600.0,-0.01891089789569378,0.01,31.0,3.1796298027038574,0.0,1.0,10.0,0.07500000298023224,nan,17518.0,nan,17518.0,175200,5431200.0,651669600.0,nan,21021600,297153.9628842873,2476.565313424404,8.600000001024455e-06,3.909999941242859e-05,4.7950001317076385e-05,6.000002031214535e-06,2.005000351346098e-05,0.0001276500006497372,1238.286715885962,1340.8778868832096,1238.2940676267665,1340.8778616578356,1.6676603999949293,297153.90533792897,321773.9643838248,2476.565281917352,2681.7558277924177,1.656995714235542e-05,4.555431278373219e-05,0.00010589304057459903,0.00010590849969238796,0.00032069706969311526,2.3246897390377113e-06,6.6676479948094685e-06,3.930427174641517e-05,6.506146467674567e-06,1.3158945538909287e-05,8.097766357532846e-05,8.531801386682216e-06,3.281579026975032e-05,0.8308771000010893,0.13971049999963725,0.6495208999986062,6.900001608300954e-06,2.5600005756132305e-05,0.000338700003339909,0.025276199994550552,0.021435499998915475,6.270000449148938e-05
1,560576.0,False,32,c0f04_00000,2026-02-02_18-57-28,1770055048,68.58202743530273,2080.3866300582886,31972,PW-DSEE-NA-131,127.0.0.1,2080.3866300582886,32,68.57550959999935,1.0900002962443978e-05,68.57530650000263,53.029073300000164,15.538732400003937,0.003631499996117782,0.0002965499988931697,0.6002151499997126,17518,8572.409999999994,560576.0,64.0,-430143725.47398245,0.00043915293820474095,31.0,-432092093.213586,0.0014121699593021761,25.527271949998976,8759,9.46075980000387,-428195357.7343789,8759,2,8759.0,26.50035890000072,8572.409999999994,1,0,1,16.41237113402062,68.33608247422681,0.0008743977672867375,-381913229.8383639,-48230495.63561849,560576.0,560576.0,0.0003318030993294781,17518,17518,17518,17518,560576.0,560576.0,8759.0,8759.0,-48230495.63561849,-381913229.8383639,255.31772137028295,267.72451133360545,87600,4.876489162445068,0.0003,2803200.0,18781630464.0,-0.10538597404956818,0.01,32.0,-1.1920928955078125e-07,1.9880950450897217,1.0,10.0,0.22500000894069672,nan,73.0,0.007804103195667267,73.0,0.015772970393300056,87600,5.036076068878174,0.0003,1613180174336.0,2803200.0,0.07192680984735489,0.01,32.0,3.703372001647949,0.0,1.0,10.0,0.07500000298023224,nan,17518.0,nan,17518.0,175200,5606400.0,672691200.0,nan,21021600,306385.15325547627,2553.500410069876,7.800001185387373e-06,3.749999814317562e-05,3.635000030044466e-05,5.649999366141856e-06,1.809999957913533e-05,0.00010675000157789327,1276.7548794684844,1338.7752035792084,1276.762797426715,1338.7751819041155,1.540005499999097,306385.06573180354,321269.3758707877,2553.500361688351,2677.5504436032597,1.82120694170618e-05,5.075075069955254e-05,0.0001254449751949005,0.00012699341267602304,0.00039596705835806366,2.4974131143256917e-06,7.285824545702597e-06,4.584647043450268e-05,6.94367363321785e-06,1.6230226972055146e-05,0.00010437753778315932,8.983614255063326e-06,3.8856576881824735e-05,0.760545600001933,0.13285580000228947,0.5980039999994915,2.2799998987466097e-05,0.0001384999995934777,0.00026559999969322234,0.03097449999768287,0.01655149999714922,7.299999560927972e-05
1,578094.0,False,33,c0f04_00000,2026-02-02_18-58-28,1770055108,59.60314202308655,2139.989772081375,31972,PW-DSEE-NA-131,127.0.0.1,2139.989772081375,33,59.597185300001,9.700001101009548e-06,59.59699530000216,42.9557324999987,16.63558720000583,0.003038299997569993,0.00042424999992363155,0.5174300000035146,17518,8572.409999999994,578094.0,66.0,-433066761.2992175,0.0002630687109738249,32.0,-435801720.5638552,0.0010744081607724635,20.6485944499982,8759,7.799231450000661,-430331802.0345799,8759,2,8759.0,21.463607549998414,8572.409999999994,1,0,1,13.691666666666666,67.9904761904762,0.0005540577041026415,-386950633.15564406,-46116128.14357346,578094.0,578094.0,0.0002187148548847176,17518,17518,17518,17518,578094.0,578094.0,8759.0,8759.0,-46116128.14357346,-386950633.15564406,293.82511394030263,268.44681604631353,87600,5.033346176147461,0.0003,2890800.0,17930641408.0,0.04845653846859932,0.01,33.0,-3.5762786865234375e-07,1.981591820716858,1.0,10.0,0.3375000059604645,nan,73.0,0.020913373678922653,73.0,0.027823682874441147,87600,5.016088008880615,0.0003,1660853944320.0,2890800.0,0.049791477620601654,0.01,33.0,3.5790200233459473,0.0,1.0,10.0,0.11250000447034836,nan,17518.0,nan,17518.0,175200,5781600.0,693712800.0,nan,21021600,352591.47268521803,2938.5967873268983,1.1600001016631722e-05,4.7550001909257844e-05,5.424999835668132e-05,6.900001608300954e-06,2.5749999622348696e-05,0.00014419999934034422,1469.3002469147737,1342.3871253705524,1469.3064055583063,1342.3871004362306,1.7363400000031106,352591.37273946044,322136.1385374884,2938.596600030491,2684.774289887984,1.3219042098946565e-05,3.5516352296866786e-05,8.101717137809451e-05,8.084020441707535e-05,0.00024247131356083194,1.9155833940856224e-06,5.66444339371969e-06,3.0260123996113817e-05,5.087430009064937e-06,1.0465376906903004e-05,6.178677399251432e-05,7.4506697555613806e-06,2.6922065369675314e-05,0.8168656999987434,0.11363990000245394,0.7563062000044738,7.700000423938036e-06,2.3399996280204505e-05,0.0007165000060922466,0.03051489999779733,0.017668899999989662,6.779999966965988e-05
1,595612.0,False,34,c0f04_00000,2026-02-02_18-59-31,1770055171,63.432159423828125,2203.4219315052032,31972,PW-DSEE-NA-131,127.0.0.1,2203.4219315052032,34,63.42682519999653,9.000003046821803e-06,63.426654700000654,48.07682919999934,15.344985399999132,0.002920899998571258,0.00025195000125677325,0.6819638000051782,17518,8572.409999999994,595612.0,68.0,-444216194.4263999,0.0003415074772665667,33.0,-446009446.031909,0.0012413318702175456,22.941402299999027,8759,8.354775449999579,-442422942.8208908,8759,2,8759.0,24.02033169999777,8572.409999999994,1,0,1,13.017777777777777,66.7322222222222,0.0007025496697134709,-398311284.4469143,-45904909.9794856,595612.0,595612.0,0.00026586754609813506,17518,17518,17518,17518,595612.0,595612.0,8759.0,8759.0,-45904909.9794856,-398311284.4469143,276.04417241892673,268.66412702961657,87600,4.987454891204834,0.0003,2978400.0,17720299520.0,0.0024454446975141764,0.01,34.0,-3.5762786865234375e-07,1.8421580791473389,1.0,10.0,0.3375000059604645,nan,73.0,0.010165845975279808,73.0,0.012560919858515263,87600,5.0516180992126465,0.0003,1755756363776.0,2978400.0,0.08673235774040222,0.01,34.0,3.6526806354522705,0.0,1.0,10.0,0.11250000447034836,nan,17518.0,nan,17518.0,175200,5956800.0,714734400.0,nan,21021600,331255.1277211335,2760.773958585887,6.350001058308408e-06,2.845000199158676e-05,3.474999903119169e-05,4.249999619787559e-06,1.625000368221663e-05,9.859999772743322e-05,1380.3898592534383,1343.473834139048,1380.394566404586,1343.4738143227205,1.3357835999995586,331255.0588189463,322396.9178245451,2760.7738541768285,2686.9477008811064,1.533562069339993e-05,4.209274411241385e-05,0.00010128807452966447,0.0001000852272473094,0.0003162405556457953,2.101219089859077e-06,6.42232091762435e-06,3.7774362001957654e-05,6.307113730189316e-06,1.270210171049602e-05,7.912006246229269e-05,7.68239424502835e-06,3.2952251174442904e-05,0.6139507999978377,0.11929460000101244,0.5506599000000278,7.000002369750291e-06,2.3600005079060793e-05,0.00030780000088270754,0.02700609999737935,0.023956799996085465,0.00011180000001331791
1,613130.0,False,35,c0f04_00000,2026-02-02_19-00-30,1770055230,58.86827731132507,2262.2902088165283,31972,PW-DSEE-NA-131,127.0.0.1,2262.2902088165283,35,58.86323170000105,1.080000220099464e-05,58.863035800000944,43.77781090000644,15.07894590000069,0.003156200000375975,0.0003271000023232773,0.5139861999996356,17518,8572.409999999994,613130.0,70.0,-440785892.9714142,0.00025251949221485057,34.0,-441777084.9063152,0.0010629510205828131,21.043386149998696,8759,7.701929050002946,-439794701.03651327,8759,2,8759.0,21.873497000000498,8572.409999999994,1,0,1,12.697590361445782,66.41807228915663,0.0005640763672327112,-395750157.2749114,-45035735.696502805,613130.0,613130.0,0.00020985589296889222,17518,17518,17518,17518,613130.0,613130.0,8759.0,8759.0,-45035735.696502805,-395750157.2749114,297.4923121766207,269.40990191333776,87600,4.856698989868164,0.0003,3066000.0,16521875456.0,-0.12845222651958466,0.01,35.0,-1.1920928955078125e-07,1.7789597511291504,1.0,10.0,0.3375000059604645,nan,73.0,0.008714129216969013,73.0,0.012728237546980381,87600,4.789962291717529,0.0003,1401481592832.0,3066000.0,-0.18016839027404785,0.01,35.0,3.130169153213501,0.0,1.0,10.0,0.11250000447034836,nan,17518.0,nan,17518.0,175200,6132000.0,735756000.0,nan,21021600,356992.8861759836,2975.2796445299746,8.249997335951775e-06,3.719999949680641e-05,4.184999852441251e-05,5.699999746866524e-06,2.045000292127952e-05,0.00012164999861852266,1487.6426340845944,1347.2031503680391,1487.6472800526533,1347.2031318988181,1.3569027999983518,356992.8025131746,323291.8509445231,2975.2795485291317,2694.40632986062,1.3491051587280834e-05,3.599299541799917e-05,8.156421807273812e-05,8.344945249317041e-05,0.00024351184946763083,1.6902178931073948e-06,5.414375307391259e-06,2.927110244358428e-05,5.011768678759557e-06,9.900276545357127e-06,5.985428075825662e-05,6.292520807049481e-06,2.5992089684207703e-05,0.62244429999555,0.10903590000089025,0.5783991999996942,6.299997039604932e-06,3.0199997127056122e-05,0.0003259999939473346,0.023000499997579027,0.023146699997596443,9.069999941857532e-05
1,630648.0,False,36,c0f04_00000,2026-02-02_19-01-51,1770055311,80.9670934677124,2343.2573022842407,31972,PW-DSEE-NA-131,127.0.0.1,2343.2573022842407,36,80.95780069999455,1.840000186348334e-05,80.95753359999799,53.60320999999385,27.344741700006125,0.004088399997272063,0.0004228000034345314,0.5623728499995195,17518,8572.409999999994,630648.0,72.0,-443577365.3387679,0.0003671981066394528,35.0,-443621915.9661679,0.0014113265405857529,25.860016549999273,8759,7.571827949999715,-443532814.7113678,8759,2,8759.0,26.78891754999495,8572.409999999994,1,0,1,14.608771929824563,66.72456140350877,0.0008140209190343297,-399165167.3186238,-44412198.02014406,630648.0,630648.0,0.00029804726787164724,17518,17518,17518,17518,630648.0,630648.0,8759.0,8759.0,-44412198.02014406,-399165167.3186238,216.31430458083256,267.58532630985604,87600,4.872661590576172,0.0003,3153600.0,15850256384.0,-0.11408469080924988,0.01,36.0,4.172325134277344e-07,1.7477247714996338,1.0,10.0,0.3375000059604645,nan,73.0,0.012514190748333931,73.0,0.006424531806260347,87600,5.029778480529785,0.0003,1787446689792.0,3153600.0,0.06609490513801575,0.01,36.0,3.7039451599121094,-1.1920928955078125e-07,1.0,10.0,0.11250000447034836,nan,17518.0,nan,17518.0,175200,6307200.0,756777600.0,nan,21021600,259578.0649042222,2163.397143415259,1.3699998817173764e-05,4.314999750931747e-05,6.194999878061935e-05,7.1499998739454895e-06,3.3349999284837395e-05,0.00014039999950909987,1081.6997992159681,1338.079239478229,1081.7019096282872,1338.0792156895097,2.323007499995583,259578.0248378587,321102.36221115204,2163.3970739589986,2676.1585072304033,1.771739070425275e-05,5.017182298323101e-05,0.00011204665338195655,0.00012324066903995784,0.00035955385716253033,2.377122706151316e-06,7.310936979267043e-06,4.137222110863674e-05,7.091878376862933e-06,1.3729554162699444e-05,8.25336650138552e-05,8.130141574465196e-06,3.412338382460043e-05,1.190891099999135,0.2003100000001723,0.8710611999995308,7.800001185387373e-06,2.800000220304355e-05,0.0003834999952232465,0.02979359999881126,0.029967099995701574,7.340000593103468e-05
1,648166.0,False,37,c0f04_00000,2026-02-02_19-03-23,1770055403,92.52959752082825,2435.786899805069,31972,PW-DSEE-NA-131,127.0.0.1,2435.786899805069,37,92.51173800000106,1.9400002202019095e-05,92.51128150000295,65.13688869999896,27.36701329999778,0.0032231000004685484,0.0005560000026889611,0.8701751000007789,17518,8572.409999999994,648166.0,74.0,-439568864.2560397,0.0004066362462411871,36.0,-443020057.7843716,0.0015569940324263484,31.187268999998196,8759,13.725049799999397,-436117670.72770774,8759,2,8759.0,32.53918319999866,8572.409999999994,1,0,1,13.023076923076923,65.98615384615385,0.0009076538551247048,-394875743.663291,-44693120.59274868,648166.0,648166.0,0.0003221676058059018,17518,17518,17518,17518,648166.0,648166.0,8759.0,8759.0,-44693120.59274868,-394875743.663291,189.25744022255432,264.6251184755768,87600,5.094628810882568,0.0003,3241200.0,17167559680.0,0.10703203827142715,0.01,37.0,-7.152557373046875e-07,1.6314951181411743,1.0,10.0,0.3375000059604645,nan,73.0,0.011591401882469654,73.0,0.022029289975762367,87600,4.8081135749816895,0.0003,1533020471296.0,3241200.0,-0.16157518327236176,0.01,37.0,3.2789230346679688,-1.1920928955078125e-07,1.0,10.0,0.16875000298023224,nan,17518.0,nan,17518.0,175200,6482400.0,777799200.0,nan,21021600,227109.26931709197,1892.792132608642,1.4549998013535514e-05,6.29499954811763e-05,7.494999954360537e-05,1.1100000847363845e-05,3.0199997127056122e-05,0.00016635000429232605,946.3972308754273,1323.276134822703,946.3998544938146,1323.2760683718993,2.240735899998981,227109.15301646793,317550.03574481426,1892.791760437193,2646.552377047198,1.988479413922205e-05,5.682937732422004e-05,0.00012768791262719102,0.00013588936075894468,0.00039843120277286207,2.5602130286475752e-06,8.112239857230042e-06,4.489178212231178e-05,7.782177264450854e-06,1.452467033242229e-05,8.810037601544273e-05,8.955113417312693e-06,3.8357852155401065e-05,1.0380988999968395,0.22953140000026906,0.9100429000027361,1.829999382607639e-05,4.86999997519888e-05,0.0007340000011026859,0.03594380000140518,0.025451400004385505,0.00010140000085812062
1,665684.0,False,38,c0f04_00000,2026-02-02_19-04-55,1770055495,91.12276411056519,2526.909663915634,31972,PW-DSEE-NA-131,127.0.0.1,2526.909663915634,38,91.11320349999733,2.149999636458233e-05,91.11284180000075,64.85495390000142,26.253020299998752,0.002442099998006597,0.00044489999709185213,0.810848850000184,17518,8572.409999999994,665684.0,76.0,-448806546.1511448,0.0005173374277113818,37.0,-450486769.87752634,0.0017197400074308805,31.091719599997305,8759,13.731299099999887,-447126322.42476326,8759,2,8759.0,32.39994044999912,8572.409999999994,1,0,1,13.49765625,64.24765625,0.001030222906433387,-406046316.45658994,-42760229.69455488,665684.0,665684.0,0.0003855547726862322,17518,17518,17518,17518,665684.0,665684.0,8759.0,8759.0,-42760229.69455488,-406046316.45658994,192.1953094395756,262.02610621576054,87600,4.807284832000732,0.0003,3328800.0,14663438336.0,-0.18250736594200134,0.01,38.0,4.172325134277344e-07,1.5148563385009766,1.0,10.0,0.3375000059604645,nan,73.0,0.014640162698924541,73.0,0.013317779637873173,87600,5.069923400878906,0.0003,1923410427904.0,3328800.0,0.10550861805677414,0.01,38.0,3.783245801925659,0.0,1.0,10.0,0.16875000298023224,nan,17518.0,nan,17518.0,175200,6657600.0,798820800.0,nan,21021600,230638.2643518782,1922.2048859163879,1.1049996828660369e-05,4.8499998229090124e-05,6.070000017643906e-05,7.1499998739454895e-06,2.9999999242136255e-05,0.00015955000344547443,961.1068612182214,1310.279970223431,961.1135277008389,1310.2799512953534,2.397312900000543,230638.24360223627,314431.2990793127,1922.204932313225,2620.5599682974453,2.025423329588406e-05,5.98062662140253e-05,0.00014201815058942775,0.00015360450574844183,0.00046756382137298167,2.94391255714455e-06,8.657917997828167e-06,5.593467727852432e-05,8.422662359998197e-06,2.1649528097797638e-05,0.00011492675039753348,1.069439215795041e-05,4.495104401154381e-05,1.1590761999977985,0.2073469999959343,0.9652448999986518,7.299997378140688e-06,2.7300004148855805e-05,0.0003400999994482845,0.029341900000872556,0.03532509999786271,9.850000060396269e-05
